scheme_key,scheme_title,profile_key,profile_title,requested_cfl,actual_cfl,steps,l1_error,l2_error,max_abs_error,total_variation_ratio,overshoot,undershoot
upwind,Upwind,gaussian,Gaussian pulse,0.2,0.2,1280,0.04511794851145002,0.0808951189625417,0.2683648456408446,0.7316123915208964,0.0,0.0
lax-friedrichs,Lax-Friedrichs,gaussian,Gaussian pulse,0.2,0.2,1280,0.1244412691011823,0.19236353622396443,0.5986284837560003,0.39833754180990144,0.0,0.0
lax-wendroff,Lax-Wendroff,gaussian,Gaussian pulse,0.2,0.2,1280,0.002562991657407956,0.005036744032856436,0.015796626386185286,0.9992113160581396,0.0,2.656968572141257e-15
tvd-minmod,TVD minmod,gaussian,Gaussian pulse,0.2,0.2,1280,0.003956745076064576,0.010117524396906321,0.05398282568371893,0.9461588498213429,0.0,0.0
upwind,Upwind,gaussian,Gaussian pulse,0.25,0.25,1024,0.04303035979249104,0.07742834825088434,0.2575045368889042,0.7424736261560291,0.0,0.0
lax-friedrichs,Lax-Friedrichs,gaussian,Gaussian pulse,0.25,0.25,1024,0.11210024087319792,0.17746482870064947,0.5558218455579806,0.44319511413518076,0.0,0.0
lax-wendroff,Lax-Wendroff,gaussian,Gaussian pulse,0.25,0.25,1024,0.0025024661159991153,0.00491783664210935,0.015415070159112365,0.9991419028382812,0.0,4.1225217203022626e-15
tvd-minmod,TVD minmod,gaussian,Gaussian pulse,0.25,0.25,1024,0.003769384510339925,0.00965685531121332,0.051936731851248585,0.9481567586737183,0.0,0.0
upwind,Upwind,gaussian,Gaussian pulse,0.3,0.30011723329425555,853,0.0408648144130158,0.07381028337534036,0.2461173867896137,0.7538617447198429,0.0,0.0
lax-friedrichs,Lax-Friedrichs,gaussian,Gaussian pulse,0.3,0.30011723329425555,853,0.1015811884285897,0.16407898546500058,0.5171769324871975,0.48248733391445386,0.0,0.0
lax-wendroff,Lax-Wendroff,gaussian,Gaussian pulse,0.3,0.30011723329425555,853,0.002428441221473071,0.004772469569874621,0.014950006668687954,0.9990778908879145,0.0,5.594251295361139e-15
tvd-minmod,TVD minmod,gaussian,Gaussian pulse,0.3,0.30011723329425555,853,0.0035746753442589476,0.009185491791442815,0.04979771424400803,0.9502482969104008,0.0,0.0
upwind,Upwind,gaussian,Gaussian pulse,0.35,0.35020519835841313,731,0.03862329530241114,0.07004106200423382,0.23419564366457046,0.7657845003214824,0.0,0.0
lax-friedrichs,Lax-Friedrichs,gaussian,Gaussian pulse,0.35,0.35020519835841313,731,0.09232530831638008,0.1517682510310919,0.4814089642477172,0.5184601985907611,0.0,0.0
lax-wendroff,Lax-Wendroff,gaussian,Gaussian pulse,0.35,0.35020519835841313,731,0.0023411128831266636,0.004601015881636846,0.014402942270467234,0.9990198914150771,0.0,5.70644987951418e-15
tvd-minmod,TVD minmod,gaussian,Gaussian pulse,0.35,0.35020519835841313,731,0.0033760711756708273,0.00870229538776412,0.04756766650248456,0.9524298691789497,0.0,0.0
upwind,Upwind,gaussian,Gaussian pulse,0.4,0.4,640,0.036313939430406714,0.06613105451566156,0.22176356048264134,0.7782176384743481,0.0,0.0
lax-friedrichs,Lax-Friedrichs,gaussian,Gaussian pulse,0.4,0.4,640,0.08400974601533619,0.14026348614794376,0.44772870579554325,0.5522060963079182,0.0,0.0
lax-wendroff,Lax-Wendroff,gaussian,Gaussian pulse,0.4,0.4,640,0.002241141082352087,0.004404642330047961,0.013777908536177219,0.9989684118697777,0.0,4.8771329500415555e-15
tvd-minmod,TVD minmod,gaussian,Gaussian pulse,0.4,0.4,640,0.0031692257550041776,0.008208378652875553,0.04525460101823353,0.9547415625389825,0.0,0.0
upwind,Upwind,gaussian,Gaussian pulse,0.45,0.44991212653778556,569,0.033913395193353464,0.06203679146276289,0.20867285438458194,0.7913094548966246,0.0,0.0
lax-friedrichs,Lax-Friedrichs,gaussian,Gaussian pulse,0.45,0.44991212653778556,569,0.07628257561095117,0.12922935183619588,0.4151484683726866,0.5848084234424229,0.0,0.0
lax-wendroff,Lax-Wendroff,gaussian,Gaussian pulse,0.45,0.44991212653778556,569,0.0021278399260111817,0.0041818722919461804,0.01307053133283631,0.998923110141709,0.0,3.184516306177266e-15
tvd-minmod,TVD minmod,gaussian,Gaussian pulse,0.45,0.44991212653778556,569,0.0029555806997982876,0.007697314359345815,0.042837849070124556,0.9571585193664027,0.0,0.0
upwind,Upwind,gaussian,Gaussian pulse,0.5,0.5,512,0.03142896197903566,0.0577384491934667,0.19484750723230226,0.805135974378687,0.0,0.0
lax-friedrichs,Lax-Friedrichs,gaussian,Gaussian pulse,0.5,0.5,512,0.06900820341595566,0.11847255891533028,0.3830841674466855,0.6168811698787546,0.0,0.0
lax-wendroff,Lax-Wendroff,gaussian,Gaussian pulse,0.5,0.5,512,0.00200082570957485,0.003932214209784383,0.012279609658296442,0.99888396019344,0.0,1.897949868630173e-15
tvd-minmod,TVD minmod,gaussian,Gaussian pulse,0.5,0.5,512,0.002739453999319605,0.007161989222202866,0.04026948416968268,0.9597271019990846,0.0,0.0
upwind,Upwind,gaussian,Gaussian pulse,0.55,0.5505376344086022,465,0.028823161120394798,0.053193654361294675,0.18013561360714736,0.8198491153434614,0.0,0.0
lax-friedrichs,Lax-Friedrichs,gaussian,Gaussian pulse,0.55,0.5505376344086022,465,0.06197751199286077,0.10778597671891071,0.3508947576157323,0.649074939183017,0.0,0.0
lax-wendroff,Lax-Wendroff,gaussian,Gaussian pulse,0.55,0.5505376344086022,465,0.0018591542783607132,0.003653801720384126,0.011399627755214747,0.998850690097496,0.0,1.1833331460898662e-15
tvd-minmod,TVD minmod,gaussian,Gaussian pulse,0.55,0.5505376344086022,465,0.002514297576906725,0.006606743517691571,0.03761346871140192,0.9623833426201476,0.0,0.0
upwind,Upwind,gaussian,Gaussian pulse,0.6,0.5995316159250585,427,0.026194682473388683,0.048572117992325484,0.1650738532206537,0.8349121526522006,0.0,0.0
lax-friedrichs,Lax-Friedrichs,gaussian,Gaussian pulse,0.6,0.5995316159250585,427,0.055354842003347615,0.0974591244183904,0.3194376827122456,0.6805351006004828,0.0,0.0
lax-wendroff,Lax-Wendroff,gaussian,Gaussian pulse,0.6,0.5995316159250585,427,0.001708846189037393,0.0033584525420883925,0.010468240044622434,0.9988241035329477,0.0,9.38792075613057e-16
tvd-minmod,TVD minmod,gaussian,Gaussian pulse,0.6,0.5995316159250585,427,0.0022809166236593087,0.006038477360971287,0.03487572737818445,0.9651213160444246,0.0,0.0
upwind,Upwind,gaussian,Gaussian pulse,0.65,0.649746192893401,394,0.0233988173400918,0.04359665094918699,0.14874134390038352,0.8512460465856396,0.0,0.0
lax-friedrichs,Lax-Friedrichs,gaussian,Gaussian pulse,0.65,0.649746192893401,394,0.04873049946753222,0.08679176821609214,0.2865461714250087,0.713429507230496,0.0,0.0
lax-wendroff,Lax-Wendroff,gaussian,Gaussian pulse,0.65,0.649746192893401,394,0.00154154309691085,0.003029729024525009,0.009433974637610976,0.9988021851951859,0.0,8.362706374086045e-16
tvd-minmod,TVD minmod,gaussian,Gaussian pulse,0.65,0.649746192893401,394,0.0020277773599613664,0.005424260998623762,0.03192226587147118,0.9680750279297958,0.0,0.0
upwind,Upwind,gaussian,Gaussian pulse,0.7,0.6994535519125683,366,0.020512331248844894,0.03841267832598432,0.131591763545152,0.8683970808028009,0.0,0.0
lax-friedrichs,Lax-Friedrichs,gaussian,Gaussian pulse,0.7,0.6994535519125683,366,0.042180192404970604,0.07603860125347123,0.2529466469282188,0.7470319039030777,0.0,0.0
lax-wendroff,Lax-Wendroff,gaussian,Gaussian pulse,0.7,0.6994535519125683,366,0.0013627084622854376,0.0026783519902884682,0.008331006241303895,0.998892461577361,0.0,7.428170040656746e-16
tvd-minmod,TVD minmod,gaussian,Gaussian pulse,0.7,0.6994535519125683,366,0.0017704089564414855,0.004777655767890274,0.028814422488739,0.9711831347788514,0.0,0.0
upwind,Upwind,gaussian,Gaussian pulse,0.75,0.750733137829912,341,0.017404110219782446,0.03277025259251564,0.11276778756700445,0.887222652581644,0.0,0.0
lax-friedrichs,Lax-Friedrichs,gaussian,Gaussian pulse,0.75,0.750733137829912,341,0.03542803878121078,0.0646268080364323,0.21676393075979306,0.7832176922579726,0.0,0.0
lax-wendroff,Lax-Wendroff,gaussian,Gaussian pulse,0.75,0.750733137829912,341,0.0011644163484902774,0.002288732252948849,0.00711091949873921,0.9990479202612698,0.0,6.406773671151304e-16
tvd-minmod,TVD minmod,gaussian,Gaussian pulse,0.75,0.750733137829912,341,0.001476887741906157,0.004067288356584347,0.025389498978571234,0.9746083486356958,0.0,0.0
upwind,Upwind,gaussian,Gaussian pulse,0.8,0.8,320,0.014288033313606813,0.027041006053034396,0.09348177999628526,0.9065102951184058,0.0,0.0
lax-friedrichs,Lax-Friedrichs,gaussian,Gaussian pulse,0.8,0.8,320,0.028856666760009936,0.05324272769177504,0.18013423740298296,0.8198927461878782,0.0,0.0
lax-wendroff,Lax-Wendroff,gaussian,Gaussian pulse,0.8,0.8,320,0.0009606858548910146,0.0018883991826770564,0.005860331470542213,0.9992116996024644,0.0,5.151963372404042e-16
tvd-minmod,TVD minmod,gaussian,Gaussian pulse,0.8,0.8,320,0.001180151330980351,0.00335477737520634,0.021839555823398027,0.9781585927360399,0.0,0.0
upwind,Upwind,gaussian,Gaussian pulse,0.85,0.8504983388704319,301,0.010940421098225826,0.02082405833381999,0.07235287154790959,0.9276409947630001,0.0,0.0
lax-friedrichs,Lax-Friedrichs,gaussian,Gaussian pulse,0.85,0.8504983388704319,301,0.021957075035831816,0.04101865622895234,0.1401660833252678,0.8599567986960316,0.0,0.0
lax-wendroff,Lax-Wendroff,gaussian,Gaussian pulse,0.85,0.8504983388704319,301,0.000738391029686405,0.00145154254211356,0.004499030471519783,0.9993932528018471,0.0,3.4198689388456737e-16
tvd-minmod,TVD minmod,gaussian,Gaussian pulse,0.85,0.8504983388704319,301,0.0008997338823077258,0.002602464492442457,0.01785578662435161,0.9821426996577043,0.0,1.742444281382216e-15
upwind,Upwind,gaussian,Gaussian pulse,0.9,0.9014084507042254,284,0.007396252043094456,0.014167147380599184,0.04949140294858956,0.9505044014353232,0.0,0.0
lax-friedrichs,Lax-Friedrichs,gaussian,Gaussian pulse,0.9,0.9014084507042254,284,0.014795000540492917,0.027978404029768717,0.09665773295024527,0.9035184737759648,0.0,0.0
lax-wendroff,Lax-Wendroff,gaussian,Gaussian pulse,0.9,0.9014084507042254,284,0.0005004468481584484,0.0009838688277797425,0.0030454863475571914,0.9995891388991281,0.0,1.7975240392211079e-16
tvd-minmod,TVD minmod,gaussian,Gaussian pulse,0.9,0.9014084507042254,284,0.0006143864425895074,0.0018140144494819858,0.013325499194325574,0.9866733711412341,0.0,3.596885807509188e-15
upwind,Upwind,gaussian,Gaussian pulse,0.95,0.9516728624535316,269,0.003717613578293564,0.007169847735185952,0.02519110637710298,0.9748067580558258,0.0,0.0
lax-friedrichs,Lax-Friedrichs,gaussian,Gaussian pulse,0.95,0.9516728624535316,269,0.007427894597375311,0.014228038627428292,0.04973870017054538,0.9504124452409779,0.0,0.0
lax-wendroff,Lax-Wendroff,gaussian,Gaussian pulse,0.95,0.9516728624535316,269,0.00025185431989943916,0.0004951864003818699,0.0015307294582399544,0.9997938847105374,0.0,0.0
tvd-minmod,TVD minmod,gaussian,Gaussian pulse,0.95,0.9516728624535316,269,0.0003103038728312604,0.0009680951286688285,0.007976563941066828,0.9920227598485707,0.0,2.1881068461150416e-15
upwind,Upwind,gaussian,Gaussian pulse,1.0,1.0,256,0.0,0.0,0.0,1.0,0.0,0.0
lax-friedrichs,Lax-Friedrichs,gaussian,Gaussian pulse,1.0,1.0,256,1.1067107876077019e-17,3.2599145573381265e-17,1.1102230246251565e-16,1.0000000000000002,1.1102230246251565e-16,0.0
lax-wendroff,Lax-Wendroff,gaussian,Gaussian pulse,1.0,1.0,256,1.2586968214364686e-17,3.4495792116632285e-17,1.1102230246251565e-16,0.9999999999999999,0.0,0.0
tvd-minmod,TVD minmod,gaussian,Gaussian pulse,1.0,1.0,256,0.0,0.0,0.0,1.0,0.0,0.0
upwind,Upwind,square,Square pulse,0.2,0.2,1280,0.08913602276874172,0.1633906856841061,0.4897518585139573,0.8919132575568831,0.0,0.0
lax-friedrichs,Lax-Friedrichs,square,Square pulse,0.2,0.2,1280,0.1942003126239672,0.27684333577481723,0.5892028003287291,0.48552910629472734,0.0,0.0
lax-wendroff,Lax-Wendroff,square,Square pulse,0.2,0.2,1280,0.057205356875295994,0.1217180398540178,0.6262976540712089,2.5383148212845543,0.2604102255202083,0.2515244582871948
tvd-minmod,TVD minmod,square,Square pulse,0.2,0.2,1280,0.031551062798036024,0.09260771240276061,0.47501064273886434,0.9994296268586397,0.0,1.0474366981251275e-14
upwind,Upwind,square,Square pulse,0.25,0.25,1024,0.08631740326586072,0.1604395156685285,0.48862429219403214,0.9029623716837136,0.0,0.0
lax-friedrichs,Lax-Friedrichs,square,Square pulse,0.25,0.25,1024,0.178422532064866,0.26033876960141866,0.5617904531127585,0.5413969497304864,0.0,0.0
lax-wendroff,Lax-Wendroff,square,Square pulse,0.25,0.25,1024,0.05473294808068733,0.11971301495760127,0.6249103405063092,2.3858671104094458,0.25627573625665634,0.24487100961855207
tvd-minmod,TVD minmod,square,Square pulse,0.25,0.25,1024,0.030841844094008617,0.09144653212900619,0.46977953370781417,0.9995475063687123,0.0,9.921176381292678e-15
upwind,Upwind,square,Square pulse,0.3,0.30011723329425555,853,0.08339146526487272,0.15738550236848836,0.48748729593717355,0.9141340662127427,0.0,0.0
lax-friedrichs,Lax-Friedrichs,square,Square pulse,0.3,0.30011723329425555,853,0.16475659060945397,0.24579785543350946,0.5513859246160033,0.5906143194763878,0.0,0.0
lax-wendroff,Lax-Wendroff,square,Square pulse,0.3,0.30011723329425555,853,0.052534935429983796,0.11770480839993643,0.6234012535272803,2.2783925734835293,0.251611626455416,0.24177274768597062
tvd-minmod,TVD minmod,square,Square pulse,0.3,0.30011723329425555,853,0.030101266367837637,0.09024274893378552,0.46444498508081167,0.9996516342324716,0.0,1.0048387629740628e-14
upwind,Upwind,square,Square pulse,0.35,0.35020519835841313,731,0.08035668943170074,0.15422345326757816,0.4863244062073254,0.9253410249042945,0.0,0.0
lax-friedrichs,Lax-Friedrichs,square,Square pulse,0.35,0.35020519835841313,731,0.15250062873288522,0.23249416638545853,0.5372585720140033,0.6360114548353922,0.0,0.0
lax-wendroff,Lax-Wendroff,square,Square pulse,0.35,0.35020519835841313,731,0.05041229742334704,0.11562169251631185,0.6272437161301896,2.193744406274515,0.24614447386453442,0.2389666480781151
tvd-minmod,TVD minmod,square,Square pulse,0.35,0.35020519835841313,731,0.029329426954554316,0.08899790626166346,0.4591111258447631,0.9997402239273928,0.0,9.56295292202038e-15
upwind,Upwind,square,Square pulse,0.4,0.4,640,0.07721834032164038,0.15095280071768313,0.4851171443515844,0.9364088689986196,0.0,0.0
lax-friedrichs,Lax-Friedrichs,square,Square pulse,0.4,0.4,640,0.14126782346335087,0.22004088568467103,0.5121398393727654,0.6788040322172663,0.0,0.0
lax-wendroff,Lax-Wendroff,square,Square pulse,0.4,0.4,640,0.04837082208961635,0.11343835302234977,0.6287068025314048,2.108181604759081,0.24150856372693696,0.23676344369550914
tvd-minmod,TVD minmod,square,Square pulse,0.4,0.4,640,0.028525899123493105,0.08771105231056966,0.45385213065645325,0.9998134137068055,0.0,8.75749761486177e-15
upwind,Upwind,square,Square pulse,0.45,0.44991212653778556,569,0.07393667661975244,0.14752282172162948,0.4838246407330151,0.9472956945891506,0.0,0.0
lax-friedrichs,Lax-Friedrichs,square,Square pulse,0.45,0.44991212653778556,569,0.13103523575044437,0.20890706564275616,0.5191647285911316,0.7195221610045057,0.0,0.0
lax-wendroff,Lax-Wendroff,square,Square pulse,0.45,0.44991212653778556,569,0.04636278059469427,0.11113528544923282,0.6269445883792678,2.0436546606687807,0.23906083043285897,0.23617196971911622
tvd-minmod,TVD minmod,square,Square pulse,0.45,0.44991212653778556,569,0.027676019064646045,0.08635123590436732,0.44860074774862246,0.9998723790481581,0.0,8.886127617150666e-15
upwind,Upwind,square,Square pulse,0.5,0.5,512,0.07048838624216484,0.14389517117307432,0.48240536765585307,0.9578446135326542,0.0,0.0
lax-friedrichs,Lax-Friedrichs,square,Square pulse,0.5,0.5,512,0.12109822296334542,0.19776912849418046,0.49484629439810013,0.759599677181663,0.0,0.0
lax-wendroff,Lax-Wendroff,square,Square pulse,0.5,0.5,512,0.04440668505543717,0.10873413519948516,0.6224012416858495,1.9834001979586444,0.23523718577402342,0.23425974855097484
tvd-minmod,TVD minmod,square,Square pulse,0.5,0.5,512,0.026738591283811418,0.08481475057229966,0.44301148479426444,0.9999180362608602,0.0,8.335481600110635e-15
upwind,Upwind,square,Square pulse,0.55,0.5505376344086022,465,0.06682794403562248,0.14000114214503392,0.48205127480677146,0.9679273934784589,0.0,0.0
lax-friedrichs,Lax-Friedrichs,square,Square pulse,0.55,0.5505376344086022,465,0.11181375844842942,0.18785373288706117,0.5101977028348739,0.7984692039085853,0.0,0.0
lax-wendroff,Lax-Wendroff,square,Square pulse,0.55,0.5505376344086022,465,0.04250580463582711,0.10625155247184812,0.6162762157442788,1.9209358833890853,0.22920540341803664,0.2293672255424447
tvd-minmod,TVD minmod,square,Square pulse,0.55,0.5505376344086022,465,0.025806502621410946,0.08336184891475383,0.4447740752409205,0.9999520771985534,0.0,8.153174572333968e-15
upwind,Upwind,square,Square pulse,0.6,0.5995316159250585,427,0.06307617635695503,0.13594328677306128,0.48161991010257044,0.9768837251191239,0.0,0.0
lax-friedrichs,Lax-Friedrichs,square,Square pulse,0.6,0.5995316159250585,427,0.10296131095322415,0.17832239571567216,0.5081957375090511,0.8355280616420215,0.0,0.0
lax-wendroff,Lax-Wendroff,square,Square pulse,0.6,0.5995316159250585,427,0.0403522049629998,0.10378260215183993,0.61052455026976,1.8632516180360155,0.22302080796101653,0.2231906464189219
tvd-minmod,TVD minmod,square,Square pulse,0.6,0.5995316159250585,427,0.02479847642314695,0.08173425930753431,0.4457820627889837,0.9999743120156733,0.0,7.755665427896494e-15
upwind,Upwind,square,Square pulse,0.65,0.649746192893401,394,0.05898337371926378,0.13141334812494812,0.48104779949662346,0.9849078564495548,0.0,0.0
lax-friedrichs,Lax-Friedrichs,square,Square pulse,0.65,0.649746192893401,394,0.09385811383486233,0.16829562730930686,0.48125398109125006,0.8729910478471148,0.0,0.0
lax-wendroff,Lax-Wendroff,square,Square pulse,0.65,0.649746192893401,394,0.038172656220037425,0.10110361237380673,0.606862743815998,1.8079464349210024,0.22009701078933608,0.22027040423796893
tvd-minmod,TVD minmod,square,Square pulse,0.65,0.649746192893401,394,0.023674735592488557,0.07988460982541477,0.4462331889265379,0.9999882923595448,0.0,6.953909030678829e-15
upwind,Upwind,square,Square pulse,0.7,0.6994535519125683,366,0.054630396816768026,0.12644520087301267,0.48029248093033283,0.9913513697191255,0.0,0.0
lax-friedrichs,Lax-Friedrichs,square,Square pulse,0.7,0.6994535519125683,366,0.08507123600589268,0.1590675849600191,0.47844816945949864,0.9080262624466291,0.0,0.0
lax-wendroff,Lax-Wendroff,square,Square pulse,0.7,0.6994535519125683,366,0.03558482391727238,0.09813804210050639,0.6027849897993471,1.7539750018280058,0.21212541017833453,0.212132148979158
tvd-minmod,TVD minmod,square,Square pulse,0.7,0.6994535519125683,366,0.02245136697449823,0.07782992656300639,0.4459990970772373,0.9999956313243828,0.0,6.4792811128174645e-15
upwind,Upwind,square,Square pulse,0.75,0.750733137829912,341,0.04974178084016202,0.12063875499385716,0.4792128304889476,0.9961063574252318,0.0,0.0
lax-friedrichs,Lax-Friedrichs,square,Square pulse,0.75,0.750733137829912,341,0.07613951397561151,0.15033442072005251,0.5084000520255251,0.9406665728735288,0.0,0.0
lax-wendroff,Lax-Wendroff,square,Square pulse,0.75,0.750733137829912,341,0.03313685472715309,0.09456095234294447,0.5976068724541379,1.6984406123575875,0.20691425859841472,0.20690298609305993
tvd-minmod,TVD minmod,square,Square pulse,0.75,0.750733137829912,341,0.021039672327945676,0.07538325041664622,0.44458142523707417,0.9999988606645539,0.0,5.496445724830296e-15
upwind,Upwind,square,Square pulse,0.8,0.8,320,0.044542164232539205,0.11414575783050594,0.47770807308547036,0.9987432250209718,0.0,0.0
lax-friedrichs,Lax-Friedrichs,square,Square pulse,0.8,0.8,320,0.0667278716886669,0.13980274764201833,0.4728040074407316,0.9684719551877862,0.0,0.0
lax-wendroff,Lax-Wendroff,square,Square pulse,0.8,0.8,320,0.030257036992533227,0.09046421878501816,0.5910059906269771,1.6326196201273975,0.19651263887088422,0.1965127166936811
tvd-minmod,TVD minmod,square,Square pulse,0.8,0.8,320,0.019477387300756183,0.07255449538860839,0.4414886890775991,0.9999998119837643,0.0,5.03132173258664e-15
upwind,Upwind,square,Square pulse,0.85,0.8504983388704319,301,0.038489982396839977,0.10608929918558914,0.47530083145820456,0.9998183993049913,0.0,0.0
lax-friedrichs,Lax-Friedrichs,square,Square pulse,0.85,0.8504983388704319,301,0.0570124328666882,0.1299983813647037,0.5124643787446677,0.9889200762759107,0.0,0.0
lax-wendroff,Lax-Wendroff,square,Square pulse,0.85,0.8504983388704319,301,0.026529948166404527,0.08527944120157838,0.5815606605211705,1.5767317370499843,0.18960979203358108,0.18960989616420063
tvd-minmod,TVD minmod,square,Square pulse,0.85,0.8504983388704319,301,0.017579216872272957,0.06893121242804981,0.43535610433051997,0.9999999901357086,0.0,4.385639372123767e-15
upwind,Upwind,square,Square pulse,0.9,0.9014084507042254,284,0.03122219946511801,0.09551689283704642,0.47093030122924884,0.9999968011895999,0.0,0.0
lax-friedrichs,Lax-Friedrichs,square,Square pulse,0.9,0.9014084507042254,284,0.045212191239253165,0.114842792665416,0.46175874087706126,0.9986645198055214,0.0,0.0
lax-wendroff,Lax-Wendroff,square,Square pulse,0.9,0.9014084507042254,284,0.022559702763351674,0.07827373218041263,0.5663475585400403,1.4976070296437631,0.17634510886369603,0.17634510832976552
tvd-minmod,TVD minmod,square,Square pulse,0.9,0.9014084507042254,284,0.015155922367603833,0.06394499705075848,0.4230393597967188,0.9999999999661431,0.0,3.2167263409927937e-15
upwind,Upwind,square,Square pulse,0.95,0.9516728624535316,269,0.02178489082175693,0.07970552888452087,0.4603721256437451,0.9999999999998884,0.0,0.0
lax-friedrichs,Lax-Friedrichs,square,Square pulse,0.95,0.9516728624535316,269,0.03161468642534742,0.09810354090330213,0.5255623119429904,0.9999997623231666,0.0,0.0
lax-wendroff,Lax-Wendroff,square,Square pulse,0.95,0.9516728624535316,269,0.01675754734696703,0.06731075713828591,0.5343760365102939,1.3898796755251532,0.1496794408710469,0.14967944087105897
tvd-minmod,TVD minmod,square,Square pulse,0.95,0.9516728624535316,269,0.011695528540244835,0.05591105646745133,0.39373393049157823,1.0000000000000029,6.661338147750939e-16,1.840443898970089e-15
upwind,Upwind,square,Square pulse,1.0,1.0,256,0.0,0.0,0.0,1.0,0.0,0.0
lax-friedrichs,Lax-Friedrichs,square,Square pulse,1.0,1.0,256,0.0,0.0,0.0,1.0,0.0,0.0
lax-wendroff,Lax-Wendroff,square,Square pulse,1.0,1.0,256,0.0,0.0,0.0,1.0,0.0,0.0
tvd-minmod,TVD minmod,square,Square pulse,1.0,1.0,256,0.0,0.0,0.0,1.0,0.0,0.0
